Distance;Altitude;Easting;Northing;Longitude;Latitude
0;840.6;2619303.08;1242016.22;7.69399;47.32873
79.7;831.5;2619226.04;1241995.96;7.69297;47.32855
118;827.1;2619189.03;1241985.83;7.69248;47.32846
137.8;824.3;2619170.92;1241977.99;7.69224;47.32839
146.4;823.1;2619162.61;1241975.74;7.69213;47.32837
155.7;821.7;2619153.55;1241973.49;7.69201;47.32835
167.1;820.9;2619142.21;1241973.45;7.69186;47.32835
183.5;824;2619136.87;1241989;7.69179;47.32849
191.2;824.5;2619133.06;1241995.66;7.69174;47.32855
240.4;826;2619098.93;1242031.13;7.69129;47.32887
298.3;827.9;2619057.98;1242072.13;7.69075;47.32924
339.2;828.7;2619026.91;1242098.72;7.69034;47.32948
369.7;829.2;2619004.92;1242119.77;7.69005;47.32967
393.2;829.7;2618988.24;1242136.39;7.68983;47.32982
416.2;829.5;2618972.31;1242153.02;7.68962;47.32997
426.6;829;2618965.48;1242160.78;7.68953;47.33004
440.9;828.5;2618956.38;1242171.87;7.68941;47.33014
451.3;828.1;2618949.55;1242179.63;7.68932;47.33021
467.7;827.7;2618937.42;1242190.71;7.68916;47.33031
484.6;826.9;2618923.03;1242199.56;7.68897;47.33039
491.5;826.8;2618917.72;1242203.99;7.6889;47.33043
497.9;826.7;2618913.17;1242208.42;7.68884;47.33047
501.6;826.6;2618909.39;1242208.41;7.68879;47.33047
506.2;826.6;2618904.86;1242208.4;7.68873;47.33047
513.8;826.6;2618897.3;1242207.26;7.68863;47.33046
523.5;826.5;2618888.24;1242203.9;7.68851;47.33043
538.5;826.7;2618873.9;1242199.4;7.68832;47.33039
548.4;826.8;2618864.07;1242198.26;7.68819;47.33038
556;826.8;2618856.52;1242197.12;7.68809;47.33037
564.4;826.8;2618848.2;1242198.21;7.68798;47.33038
573.6;826.8;2618839.13;1242199.29;7.68786;47.33039
582.2;826.6;2618830.8;1242201.49;7.68775;47.33041
588.3;826.5;2618824.75;1242202.58;7.68767;47.33042
595.9;826;2618817.94;1242205.9;7.68758;47.33045
600.9;825.6;2618813.4;1242208.11;7.68752;47.33047
607.9;825.1;2618807.34;1242211.42;7.68744;47.3305
626;823.3;2618792.94;1242222.49;7.68725;47.3306
631.6;822.9;2618788.4;1242225.82;7.68719;47.33063
634.9;822.5;2618785.37;1242226.92;7.68715;47.33064
639.5;822.2;2618780.83;1242228.02;7.68709;47.33065
647.2;823.3;2618777.03;1242234.67;7.68704;47.33071
653.4;823.9;2618770.98;1242235.77;7.68696;47.33072
665.4;824.5;2618758.89;1242235.73;7.6868;47.33072
692.3;825;2618732.45;1242231.2;7.68645;47.33068
700.4;824.5;2618725.66;1242226.73;7.68636;47.33064
711;823.7;2618716.6;1242221.14;7.68624;47.33059
717.1;823.5;2618710.56;1242221.12;7.68616;47.33059
753.6;822.9;2618674.26;1242225.46;7.68568;47.33063
760.5;823;2618667.45;1242226.55;7.68559;47.33064
767.4;823.2;2618661.4;1242229.86;7.68551;47.33067
772.5;823.2;2618657.61;1242233.19;7.68546;47.3307
779.3;823.3;2618656.07;1242239.85;7.68544;47.33076
788.3;823.1;2618654.53;1242248.74;7.68542;47.33084
800.1;822.6;2618658.28;1242259.87;7.68547;47.33094
824.1;821.7;2618669.55;1242281.03;7.68562;47.33113
831.8;821.3;2618669.53;1242288.81;7.68562;47.3312
836.3;821.2;2618666.49;1242292.14;7.68558;47.33123
843.2;821.1;2618659.69;1242293.23;7.68549;47.33124
889.8;819.7;2618615.13;1242279.75;7.6849;47.33112
906.3;819.3;2618600.04;1242273.03;7.6847;47.33106
919.4;818.8;2618589.48;1242265.22;7.68456;47.33099
947.1;818;2618568.37;1242247.36;7.68428;47.33083
954.7;817.9;2618561.58;1242244;7.68419;47.3308
961.1;817.6;2618555.54;1242241.76;7.68411;47.33078
1022.3;806.7;2618527.74;1242187.2;7.68374;47.33029
1103.6;791.5;2618524.21;1242106.02;7.68369;47.32956
1253.8;766.4;2618517.88;1241955.91;7.6836;47.32821
1307.9;757.4;2618535.42;1241904.82;7.68383;47.32775
1329;753.6;2618542.29;1241884.83;7.68392;47.32757
1333.7;752.8;2618543.81;1241880.39;7.68394;47.32753
1348.6;750.3;2618547.64;1241865.95;7.68399;47.3274
1364;749;2618555.24;1241852.63;7.68409;47.32728
1387.3;746.6;2618572.67;1241837.12;7.68432;47.32714
1404.8;744.9;2618587.07;1241827.16;7.68451;47.32705
1412.1;743.2;2618590.11;1241820.49;7.68455;47.32699
1418.9;740.7;2618590.89;1241813.83;7.68456;47.32693
1428.3;738.5;2618585.62;1241806.03;7.68449;47.32686
1435.8;736.7;2618578.83;1241802.67;7.6844;47.32683
1450.2;734;2618565.24;1241798.18;7.68422;47.32679
1469.1;731.7;2618546.34;1241797.01;7.68397;47.32678
1497.1;727.1;2618519.15;1241790.25;7.68361;47.32672
1510.8;723.1;2618505.54;1241789.1;7.68343;47.32671
1525.3;720;2618491.17;1241791.28;7.68324;47.32673
1537.8;717.7;2618479.07;1241794.58;7.68308;47.32676
1548.6;714.8;2618469.23;1241798.99;7.68295;47.3268
1559;712.5;2618462.4;1241806.75;7.68286;47.32687
1566.6;709.6;2618457.09;1241812.3;7.68279;47.32692
1572;707.9;2618451.8;1241813.39;7.68272;47.32693
1578.9;705.5;2618445;1241812.26;7.68263;47.32692
1584;704.2;2618440.47;1241810.02;7.68257;47.3269
1591.7;703.1;2618435.19;1241804.45;7.6825;47.32685
1620;698.4;2618420.91;1241779.94;7.68231;47.32663
1642.9;695.7;2618406.6;1241762.11;7.68212;47.32647
1653;693.2;2618399.06;1241755.42;7.68202;47.32641
1660.9;691.3;2618391.51;1241753.17;7.68192;47.32639
1688.4;685.7;2618364.31;1241748.64;7.68156;47.32635
1718.1;678.1;2618334.84;1241745.21;7.68117;47.32632
1754.5;670.6;2618299.33;1241737.32;7.6807;47.32625
1794.2;665.3;2618260.04;1241731.64;7.68018;47.3262
1813.9;663.4;2618240.38;1241732.69;7.67992;47.32621
1830.3;662.4;2618224.5;1241737.09;7.67971;47.32625
1841.6;662.1;2618215.4;1241743.73;7.67959;47.32631
1847.2;661.8;2618210.86;1241747.05;7.67953;47.32634
1851;658.6;2618207.08;1241747.04;7.67948;47.32634
1856;655.9;2618203.31;1241743.69;7.67943;47.32631
1866;654.8;2618198.8;1241734.79;7.67937;47.32623
1880.7;653.6;2618196.58;1241720.33;7.67934;47.3261
1905.1;655.4;2618172.38;1241723.59;7.67902;47.32613
1915.7;656.1;2618161.79;1241723.56;7.67888;47.32613
1918.2;656.1;2618159.53;1241722.44;7.67885;47.32612
1920.7;656.3;2618157.26;1241721.32;7.67882;47.32611
1923.4;656.3;2618155.76;1241719.09;7.6788;47.32609
1926.1;656.4;2618154.25;1241716.86;7.67878;47.32607
1929.4;656.4;2618154.26;1241713.53;7.67878;47.32604
1933.9;656.5;2618155.03;1241709.08;7.67879;47.326
1937.4;656.7;2618155.8;1241705.75;7.6788;47.32597
1948.7;657.1;2618161.12;1241695.76;7.67887;47.32588
1952.1;657.1;2618161.89;1241692.43;7.67888;47.32585
1957.9;657.5;2618163.42;1241686.87;7.6789;47.3258
1963.6;657.7;2618164.95;1241681.32;7.67892;47.32575
1968.3;657.6;2618166.47;1241676.87;7.67894;47.32571
1973;657.8;2618168;1241672.43;7.67896;47.32567
1977.1;657.9;2618170.27;1241669.1;7.67899;47.32564
1980.8;658.3;2618173.31;1241666.89;7.67903;47.32562
1984.6;658.6;2618176.34;1241664.67;7.67907;47.3256
2023.1;662.8;2618211.16;1241648.1;7.67953;47.32545
2031.9;664.2;2618218.73;1241643.68;7.67963;47.32541
2037.5;664.8;2618223.28;1241640.36;7.67969;47.32538
2040.9;665.3;2618224.05;1241637.02;7.6797;47.32535
2044.4;665.8;2618224.81;1241633.69;7.67971;47.32532
2048;666;2618223.31;1241630.35;7.67969;47.32529
2052.5;666.4;2618220.3;1241627.01;7.67965;47.32526
2058.8;666.9;2618215.02;1241623.66;7.67958;47.32523
2064.4;667.3;2618210.49;1241620.31;7.67952;47.3252
2068.4;667.6;2618208.23;1241616.96;7.67949;47.32517
2073.8;668.2;2618205.22;1241612.51;7.67945;47.32513
2082.2;668.7;2618202.22;1241604.72;7.67941;47.32506
2093.5;669.8;2618199.99;1241593.59;7.67938;47.32496
2108;670.7;2618199.28;1241579.13;7.67937;47.32483
2122.5;671.8;2618200.83;1241564.69;7.67939;47.3247
2136.4;672.9;2618204.65;1241551.36;7.67944;47.32458
2157;674.1;2618213.03;1241532.48;7.67955;47.32441
2169.1;674.9;2618217.6;1241521.38;7.67961;47.32431
2184.4;675.8;2618225.2;1241508.06;7.67971;47.32419
2194.2;676.6;2618231.27;1241500.29;7.67979;47.32412
2197.7;677;2618232.03;1241496.96;7.6798;47.32409
2201;677.3;2618232.04;1241493.63;7.6798;47.32406
2205.7;677.7;2618230.55;1241489.17;7.67978;47.32402
2212.4;678.5;2618226.78;1241483.6;7.67973;47.32397
2220.5;679.7;2618219.99;1241479.14;7.67964;47.32393
2228.1;680.1;2618213.2;1241475.78;7.67955;47.3239
2236.4;680.1;2618204.88;1241475.75;7.67944;47.3239
2244.8;680.1;2618196.57;1241474.62;7.67933;47.32389
2251.3;680.2;2618190.53;1241472.37;7.67925;47.32387
2258.8;680.4;2618184.5;1241467.91;7.67917;47.32383
2265.7;680.5;2618179.22;1241463.45;7.6791;47.32379
2293;681.6;2618161.9;1241442.27;7.67887;47.3236
2312.4;680.4;2618149.09;1241427.78;7.6787;47.32347
2349.7;679.2;2618124.23;1241399.9;7.67837;47.32322
2408.4;681.3;2618088.84;1241353.1;7.6779;47.3228
2415.6;681.2;2618084.32;1241347.53;7.67784;47.32275
2438.9;680;2618066.98;1241331.91;7.67761;47.32261
2448.8;679.4;2618060.95;1241324.11;7.67753;47.32254
2464.1;678.6;2618053.43;1241310.74;7.67743;47.32242
2476.8;678.2;2618047.42;1241299.61;7.67735;47.32232
2525.5;676.4;2618023.36;1241257.29;7.67703;47.32194
2537.5;676.1;2618018.85;1241246.15;7.67697;47.32184
2555.5;675.7;2618015.88;1241228.36;7.67693;47.32168
2578.9;675;2618014.44;1241205;7.67691;47.32147
2599;674.3;2618016.01;1241185;7.67693;47.32129
2605;674.1;2618013.76;1241179.43;7.6769;47.32124
2612.5;673.8;2618007.73;1241174.97;7.67682;47.3212
2621.3;673.5;2618000.18;1241170.5;7.67672;47.32116
2651.3;672.6;2617971.48;1241161.51;7.67634;47.32108
2681.1;671.5;2617942.78;1241153.65;7.67596;47.32101
2749.3;669.3;2617875.52;1241142.32;7.67507;47.32091
2770.7;668.8;2617854.37;1241138.93;7.67479;47.32088
2791.2;668.6;2617833.96;1241137.75;7.67452;47.32087
2803.3;668.3;2617821.86;1241137.72;7.67436;47.32087
2805.1;668.3;2617820.35;1241136.6;7.67434;47.32086
2807.7;668;2617818.09;1241135.48;7.67431;47.32085
2815.9;666.6;2617812.06;1241129.9;7.67423;47.3208
2822.2;665.7;2617807.53;1241125.44;7.67417;47.32076
2829.4;664.9;2617803.01;1241119.87;7.67411;47.32071
2841.5;663.6;2617796.24;1241109.84;7.67402;47.32062
2844;663.6;2617798.51;1241108.74;7.67405;47.32061
2847.2;663.3;2617800.79;1241106.52;7.67408;47.32059
2852.2;662.8;2617803.07;1241102.08;7.67411;47.32055
2856.9;662.1;2617804.59;1241097.64;7.67413;47.32051
2862.9;661.7;2617806.88;1241092.09;7.67416;47.32046
2887;659.5;2617812.99;1241068.76;7.67424;47.32025
2892.8;659;2617814.52;1241063.2;7.67426;47.3202
2893.9;659;2617814.53;1241062.09;7.67426;47.32019
2898.6;658.5;2617816.05;1241057.65;7.67428;47.32015
2911.6;657.3;2617820.62;1241045.43;7.67434;47.32004
2970.3;656.7;2617765.49;1241025.26;7.67361;47.31986
2974.1;656.4;2617762.48;1241023.02;7.67357;47.31984
2978.6;655.8;2617759.46;1241019.68;7.67353;47.31981
2983.6;655.3;2617755.69;1241016.33;7.67348;47.31978
2992.2;654.5;2617750.42;1241009.65;7.67341;47.31972
3001.2;653.7;2617745.91;1241001.85;7.67335;47.31965
3008.5;653.3;2617742.9;1240995.17;7.67331;47.31959
3020.2;652.4;2617739.16;1240984.04;7.67326;47.31949
3035.2;651.1;2617735.42;1240969.58;7.67321;47.31936
3042;650.6;2617733.93;1240962.9;7.67319;47.3193
3050.9;649.9;2617733.95;1240954.01;7.67319;47.31922
3095.7;646.2;2617739.38;1240909.55;7.67326;47.31882
3146.3;644.3;2617747.09;1240859.54;7.67336;47.31837
3202.5;643.3;2617755.57;1240803.98;7.67347;47.31787
3205.8;643.2;2617755.58;1240800.64;7.67347;47.31784
3208.2;643.2;2617754.83;1240798.41;7.67346;47.31782
3211.6;643.1;2617754.08;1240795.08;7.67345;47.31779
3214.3;642.9;2617752.58;1240792.85;7.67343;47.31777
3216.6;642.6;2617751.83;1240790.62;7.67342;47.31775
3219.8;642.4;2617749.57;1240788.39;7.67339;47.31773
3222.5;642.2;2617748.06;1240786.16;7.67337;47.31771
3279.7;636.3;2617704.32;1240749.35;7.67279;47.31738
3290.3;635.3;2617696.02;1240742.65;7.67268;47.31732
3323.6;631.7;2617667.34;1240725.89;7.6723;47.31717
3337.4;630.5;2617655.27;1240719.18;7.67214;47.31711
3348.5;629.5;2617644.69;1240715.81;7.672;47.31708
3356.1;628.7;2617637.13;1240714.68;7.6719;47.31707
3365.9;627.8;2617627.3;1240714.65;7.67177;47.31707
3373.1;627.2;2617620.49;1240716.85;7.67168;47.31709
3378.5;626.6;2617615.2;1240717.95;7.67161;47.3171
3384.1;626;2617610.65;1240721.27;7.67155;47.31713
3391.1;625.3;2617604.59;1240724.59;7.67147;47.31716
3421.9;622.2;2617581.1;1240744.53;7.67116;47.31734
3460.8;618.5;2617550.78;1240768.9;7.67076;47.31756
3469;617.5;2617543.21;1240772.22;7.67066;47.31759
3474.8;616.7;2617537.91;1240774.42;7.67059;47.31761
3480.9;616;2617531.86;1240775.52;7.67051;47.31762
3486.3;615.5;2617526.57;1240774.39;7.67044;47.31761
3491;614.9;2617522.04;1240773.27;7.67038;47.3176
3496;614.3;2617518.27;1240769.92;7.67033;47.31757
3503.7;613.6;2617514.51;1240763.24;7.67028;47.31751
3521;612;2617506.99;1240747.65;7.67018;47.31737
3535.8;610.6;2617504.01;1240733.19;7.67014;47.31724
3545.9;609.6;2617502.53;1240723.18;7.67012;47.31715
3558.2;608.4;2617501.05;1240710.94;7.6701;47.31704
3568.2;607.6;2617501.08;1240700.94;7.6701;47.31695
3577.3;606.7;2617502.62;1240692.05;7.67012;47.31687
3586.4;605.8;2617504.91;1240683.16;7.67015;47.31679
3592;605.2;2617504.93;1240677.6;7.67015;47.31674
3597.5;604.8;2617504.95;1240672.04;7.67015;47.31669
3604.3;603.9;2617504.21;1240665.37;7.67014;47.31663
3611.1;603.3;2617502.72;1240658.69;7.67012;47.31657
3615.8;602.9;2617501.22;1240654.24;7.6701;47.31653
3620.3;602.4;2617498.2;1240650.9;7.67006;47.3165
3626.7;601.7;2617493.68;1240646.44;7.67;47.31646
3634.2;600.9;2617486.88;1240643.08;7.66991;47.31643
3645.5;599.6;2617477.07;1240637.49;7.66978;47.31638
3657;598.6;2617466.5;1240633.01;7.66964;47.31634
3669.6;597.4;2617454.41;1240629.64;7.66948;47.31631
3683.2;595.8;2617441.57;1240625.16;7.66931;47.31627
3714.5;592.8;2617410.59;1240620.62;7.6689;47.31623
3732.8;590.9;2617392.45;1240618.34;7.66866;47.31621
3810.6;582.8;2617314.57;1240617.01;7.66763;47.3162
3830.4;581.1;2617294.92;1240614.72;7.66737;47.31618
3849.4;579.1;2617276.02;1240613.56;7.66712;47.31617
3870.6;576.8;2617254.85;1240614.61;7.66684;47.31618
3891;574.9;2617234.43;1240615.66;7.66657;47.31619
3904.7;573.2;2617220.82;1240616.73;7.66639;47.3162
3916.8;572.2;2617208.72;1240616.7;7.66623;47.3162
3940.4;569.6;2617185.29;1240613.3;7.66592;47.31617
3949.6;568.9;2617176.22;1240612.16;7.6658;47.31616
3957.2;568;2617168.66;1240613.25;7.6657;47.31617
3964.9;567;2617161.1;1240614.34;7.6656;47.31618
3974.9;566.1;2617151.26;1240616.53;7.66547;47.3162
3982.1;565.4;2617144.45;1240618.74;7.66538;47.31622
3989;564.5;2617137.64;1240619.83;7.66529;47.31623
3995.8;564;2617130.84;1240619.81;7.6652;47.31623
4001.9;563.4;2617124.79;1240618.68;7.66512;47.31622
4015;561.9;2617111.94;1240616.42;7.66495;47.3162
4037.6;559.7;2617090.03;1240610.8;7.66466;47.31615
4054.1;558.1;2617074.93;1240604.08;7.66446;47.31609
4092.7;554.1;2617040.2;1240587.31;7.664;47.31594
4110.2;552.4;2617025.1;1240578.37;7.6638;47.31586
4132.2;550.5;2617007.75;1240564.98;7.66357;47.31574
4136.1;550.2;2617003.97;1240563.86;7.66352;47.31573
4140.8;549.9;2616999.44;1240562.73;7.66346;47.31572
4150.6;548.9;2616989.61;1240562.7;7.66333;47.31572
4162;547.6;2616978.27;1240563.78;7.66318;47.31573
4215.3;541.8;2616926.07;1240574.75;7.66249;47.31583
4242.9;538.4;2616900.33;1240584.68;7.66215;47.31592
4246.9;538;2616896.55;1240585.79;7.6621;47.31593
4251.4;537.7;2616892.01;1240585.77;7.66204;47.31593
4256.5;537.3;2616887.48;1240583.54;7.66198;47.31591
4289.6;534.2;2616859.56;1240565.67;7.66161;47.31575
4307.4;532.7;2616846.74;1240553.4;7.66144;47.31564
4332.5;530.3;2616833.19;1240532.24;7.66126;47.31545
4369.8;526.9;2616818.92;1240497.73;7.66107;47.31514
4397.4;524.8;2616793.24;1240487.65;7.66073;47.31505
4431;522.8;2616772.9;1240460.91;7.66046;47.31481
4483.7;519.3;2616732.16;1240427.44;7.65992;47.31451
4536.6;516;2616702.04;1240384;7.65952;47.31412
4577;513.6;2616680.97;1240349.47;7.65924;47.31381
4589;513.2;2616676.46;1240338.34;7.65918;47.31371
4598.9;512.9;2616670.44;1240330.54;7.6591;47.31364
4605.2;512.6;2616667.43;1240324.98;7.65906;47.31359
4612.9;512.2;2616663.66;1240318.3;7.65901;47.31353
4634.6;511.3;2616653.13;1240299.37;7.65887;47.31336
4660.8;510.7;2616635.04;1240280.41;7.65863;47.31319
4664.8;510.5;2616632.78;1240277.07;7.6586;47.31316
4675.2;510.5;2616622.96;1240273.71;7.65847;47.31313
4677.4;510.5;2616620.69;1240273.7;7.65844;47.31313
4695.7;510.1;2616603.31;1240268.1;7.65821;47.31308
4747.1;507.2;2616552.68;1240259.06;7.65754;47.313
4786.7;504.7;2616513.37;1240254.5;7.65702;47.31296
4829.1;501.9;2616471.03;1240254.39;7.65646;47.31296
4851.2;500.9;2616449.09;1240257.66;7.65617;47.31299
4860.6;500.6;2616440.01;1240259.86;7.65605;47.31301
4895;498.7;2616406.72;1240268.66;7.65561;47.31309
4902.6;498.1;2616399.16;1240268.64;7.65551;47.31309
4909.7;497.7;2616392.36;1240266.4;7.65542;47.31307
4929.2;496.7;2616373.47;1240261.9;7.65517;47.31303
4956;496.1;2616347.02;1240257.38;7.65482;47.31299
4968.1;495.9;2616334.92;1240256.24;7.65466;47.31298
5015.1;495.2;2616288.05;1240252.77;7.65404;47.31295
5019.7;495.1;2616283.51;1240252.76;7.65398;47.31295
5037.8;494.8;2616265.37;1240252.71;7.65374;47.31295
5056.7;494.6;2616246.46;1240252.66;7.65349;47.31295
5081;494.4;2616222.27;1240250.37;7.65317;47.31293
5117.6;494.7;2616185.99;1240245.82;7.65269;47.31289
5176.2;495;2616127.79;1240238.99;7.65192;47.31283
5182.9;494.8;2616127.81;1240232.32;7.65192;47.31277
5200.9;494.4;2616124.83;1240214.53;7.65188;47.31261
5221.3;494;2616121.1;1240194.5;7.65183;47.31243
5240.2;493.6;2616121.15;1240175.6;7.65183;47.31226
5253.9;493.5;2616124.22;1240162.27;7.65187;47.31214
5270.5;493.4;2616132.57;1240147.84;7.65198;47.31201
5275.5;493.3;2616134.85;1240143.4;7.65201;47.31197
5280;493.2;2616135.62;1240138.95;7.65202;47.31193
5281.4;493.2;2616136.38;1240137.84;7.65203;47.31192
5288.1;493;2616137.15;1240131.17;7.65204;47.31186
5298.5;493.1;2616127.33;1240127.81;7.65191;47.31183
5307.4;493.2;2616119.02;1240124.45;7.6518;47.3118
5367.4;493;2616063.89;1240100.96;7.65107;47.31159
5402.9;492.7;2616031.41;1240086.42;7.65064;47.31146
5420.9;492.6;2616014.8;1240079.7;7.65042;47.3114
5439.1;492.5;2615997.42;1240074.1;7.65019;47.31135
5458.1;492.4;2615979.29;1240068.49;7.64995;47.3113
5482.2;492.3;2615955.86;1240062.87;7.64964;47.31125
5486.9;492.3;2615951.33;1240061.74;7.64958;47.31124
5500.9;492.3;2615937.73;1240058.37;7.6494;47.31121
5540.5;492.2;2615899.19;1240049.37;7.64889;47.31113
5567.5;492.2;2615872.74;1240043.74;7.64854;47.31108
5579.8;492.2;2615860.64;1240041.49;7.64838;47.31106
5609.9;492.2;2615831.93;1240032.52;7.648;47.31098
5619.2;492.3;2615822.86;1240030.27;7.64788;47.31096
5624.3;492.3;2615818.33;1240028.03;7.64782;47.31094
5636.8;492;2615807.77;1240021.33;7.64768;47.31088
5648.2;492.2;2615796.42;1240022.42;7.64753;47.31089
5654.3;492.3;2615790.37;1240021.29;7.64745;47.31088
5670.9;492.6;2615775.27;1240014.58;7.64725;47.31082
5678.6;492;2615775.29;1240006.79;7.64725;47.31075
5685;491.6;2615772.28;1240001.23;7.64721;47.3107
5729;490.5;2615743.63;1239967.8;7.64683;47.3104
5780.7;489.6;2615709.71;1239928.8;7.64638;47.31005
5856.7;489.4;2615656.92;1239874.18;7.64568;47.30956
5918.9;489.5;2615612.42;1239830.7;7.64509;47.30917
5994.1;489.9;2615553.56;1239783.85;7.64431;47.30875
6061.6;490.1;2615498.46;1239744.79;7.64358;47.3084
6104.8;490.1;2615462.22;1239721.35;7.6431;47.30819
6198.4;490.8;2615379.91;1239676.67;7.64201;47.30779
6270.5;491.8;2615314.96;1239645.37;7.64115;47.30751
6347.6;492.7;2615243.19;1239617.39;7.6402;47.30726
6426.7;493.8;2615167.63;1239593.85;7.6392;47.30705
6436.4;493.8;2615158.56;1239590.49;7.63908;47.30702
6484;494;2615113.23;1239575.92;7.63848;47.30689
6542.7;493.9;2615058.08;1239555.77;7.63775;47.30671
6587;494.1;2615018.04;1239536.77;7.63722;47.30654
6641;493.8;2614971.22;1239509.97;7.6366;47.3063
6700.4;494.3;2614922.15;1239476.49;7.63595;47.306
6765.2;494.2;2614873.1;1239434.12;7.6353;47.30562
6823.4;494.6;2614833.13;1239391.77;7.63477;47.30524
6833;494.5;2614826.34;1239385.08;7.63468;47.30518
6844.5;494.2;2614815.76;1239380.61;7.63454;47.30514
6848.4;494.2;2614811.99;1239379.49;7.63449;47.30513
6970.5;495.6;2614691.8;1239358.07;7.6329;47.30494
7013.7;496.7;2614648.7;1239354.63;7.63233;47.30491
7064.4;498.2;2614598.04;1239352.28;7.63166;47.30489
7075.3;498.4;2614587.45;1239350.03;7.63152;47.30487
7084.6;498.2;2614590.5;1239341.14;7.63156;47.30479
7099.8;498.1;2614595.07;1239326.7;7.63162;47.30466
7134;497.8;2614602.72;1239293.36;7.63172;47.30436
7158.9;497.6;2614607.32;1239268.92;7.63178;47.30414
7217.4;497.1;2614616.53;1239211.12;7.6319;47.30362
7244.6;496.9;2614621.89;1239184.45;7.63197;47.30338
7265.9;496.8;2614624.97;1239163.34;7.63201;47.30319
7279;496.8;2614629.54;1239151.12;7.63207;47.30308
7284.6;496.9;2614625.01;1239147.77;7.63201;47.30305
7319.2;496.8;2614634.16;1239114.44;7.63213;47.30275
7347;496.7;2614609.24;1239102.15;7.6318;47.30264
7360.1;496.5;2614597.91;1239095.45;7.63165;47.30258
7371;496.4;2614590.37;1239087.65;7.63155;47.30251
7376;496.4;2614586.59;1239084.31;7.6315;47.30248
7424.4;496.5;2614556.43;1239046.43;7.6311;47.30214
7449.6;496.7;2614539.84;1239027.49;7.63088;47.30197
7482.9;496.9;2614514.18;1239006.3;7.63054;47.30178
7523.3;496.9;2614477.92;1238988.43;7.63006;47.30162
7589.9;497.4;2614417.49;1238960.48;7.62926;47.30137
7696.2;498.1;2614320.03;1238918;7.62797;47.30099
7733.6;498.1;2614334.48;1238883.57;7.62816;47.30068
7843.3;498.7;2614231.71;1238844.97;7.6268;47.300335
7953.1;500.1;2614128.95;1238806.37;7.62544;47.29999
7959.4;500.1;2614125.93;1238800.8;7.6254;47.29994
7983.4;500.1;2614131.28;1238777.46;7.62547;47.29973
7992.3;500.1;2614132.06;1238768.57;7.62548;47.29965
7998.3;500.2;2614129.8;1238763.01;7.62545;47.2996
8008;500.3;2614120.74;1238759.65;7.62533;47.29957
8168.1;501.4;2613963.49;1238729.26;7.62325;47.2993
8190.9;502;2613940.81;1238728.1;7.62295;47.29929
8202.4;502.2;2613929.46;1238730.29;7.6228;47.29931
8208.6;502;2613923.41;1238729.17;7.62272;47.2993
8227.6;501.8;2613906.03;1238721.34;7.62249;47.29923
8246.3;501.8;2613887.89;1238716.85;7.62225;47.29919
8311.8;502.5;2613823.63;1238704.48;7.6214;47.29908
8421.4;503.8;2613715.52;1238686.44;7.61997;47.29892
8497.6;504.2;2613641.44;1238668.48;7.61899;47.29876
8529.6;504.6;2613610.45;1238660.62;7.61858;47.29869
8588.8;505.4;2613553;1238646.04;7.61782;47.29856
8675.2;506.2;2613469.86;1238622.5;7.61672;47.29835
8710.7;506.5;2613436.6;1238610.2;7.61628;47.29824
8749;507;2613403.37;1238591.22;7.61584;47.29807
8772.1;507.8;2613384.49;1238577.84;7.61559;47.29795
8778.4;507.8;2613379.2;1238574.49;7.61552;47.29792
8809.8;507.5;2613359.59;1238549.99;7.61526;47.2977
8821.9;507.7;2613348.26;1238545.52;7.61511;47.29766
8831.1;507.7;2613339.18;1238544.38;7.61499;47.29765
8839.2;507.7;2613341.44;1238552.17;7.61502;47.29772
8857.2;507.7;2613344.42;1238569.97;7.61506;47.29788
8879.5;507.8;2613345.88;1238592.21;7.61508;47.29808
8887.3;507.8;2613345.87;1238599.99;7.61508;47.29815
8892.9;507.8;2613345.85;1238605.55;7.61508;47.2982
8900.6;507.9;2613345.84;1238613.33;7.61508;47.29827
8905.2;507.9;2613345.07;1238617.78;7.61507;47.29831
8915.6;507.9;2613342.02;1238627.78;7.61503;47.2984
8924.6;508.3;2613335.96;1238634.43;7.61495;47.29846
8947.2;508.5;2613314.76;1238642.17;7.61467;47.29853
8953.5;508.6;2613311.75;1238636.6;7.61463;47.29848
8959.3;508.6;2613307.98;1238632.15;7.61458;47.29844
8986.3;508.7;2613284.56;1238618.75;7.61427;47.29832
9019.7;508.6;2613255.1;1238603.12;7.61388;47.29818
9227.6;509.1;2613048.67;1238578.21;7.61115;47.29796
9260.6;509.4;2613016.16;1238572.58;7.61072;47.29791
9290.4;509.7;2612987.44;1238564.73;7.61034;47.29784
9429.6;510.9;2612852.89;1238528.86;7.60856;47.29752
9615.7;512.8;2612673.74;1238478.45;7.60619;47.29707
9820.1;514.5;2612477.2;1238422.44;7.60359;47.29657
9892.5;515.1;2612407.66;1238402.29;7.60267;47.29639
9946.4;515.7;2612355.5;1238388.84;7.60198;47.29627
9960.2;516;2612341.89;1238386.59;7.6018;47.29625
10024.7;516.3;2612278.38;1238375.34;7.60096;47.29615
10102.9;516.8;2612201.25;1238361.84;7.59994;47.29603
10139.5;517.2;2612164.96;1238357.32;7.59946;47.29599
10188;517.6;2612116.56;1238353.88;7.59882;47.29596
10209.2;517.8;2612095.38;1238353.84;7.59854;47.29596
10253.1;518.3;2612051.51;1238353.75;7.59796;47.29596
10308.3;519;2611996.29;1238353.64;7.59723;47.29596
10383.9;520.1;2611920.66;1238353.49;7.59623;47.29596
10399.1;520.2;2611905.53;1238352.35;7.59603;47.29595
10446.4;521;2611860.18;1238338.91;7.59543;47.29583
10486.7;521.5;2611820.86;1238329.94;7.59491;47.29575
10559;522.7;2611749.02;1238322.02;7.59396;47.29568
10573.3;522.7;2611735.42;1238317.54;7.59378;47.29564
10583.4;522.7;2611727.87;1238310.86;7.59368;47.29558
10588.5;522.6;2611723.32;1238313.07;7.59362;47.2956
10594.7;522.8;2611718.02;1238316.4;7.59355;47.29563
10608.5;522.8;2611704.4;1238318.59;7.59337;47.29565
10636.7;522.9;2611676.41;1238321.87;7.593;47.29568
10639;523;2611674.14;1238321.87;7.59297;47.29568
10660.2;523.1;2611652.96;1238322.94;7.59269;47.29569
10673.1;523.2;2611640.1;1238324.03;7.59252;47.2957
10682.9;523.3;2611630.27;1238324.01;7.59239;47.2957
10686.9;523.3;2611626.49;1238322.89;7.59234;47.29569
10690.1;523.3;2611623.47;1238321.77;7.5923;47.29568
10704;523.6;2611615.12;1238332.87;7.59219;47.29578
10712.8;523.5;2611607.55;1238337.3;7.59209;47.29582
10714.6;523.5;2611606.04;1238338.41;7.59207;47.29583
10725.7;523.5;2611595.44;1238341.73;7.59193;47.29586
10740.2;523.6;2611584.08;1238350.6;7.59178;47.29594
10754.7;523.7;2611573.47;1238360.59;7.59164;47.29603
10759.1;523.7;2611569.68;1238362.8;7.59159;47.29605
10769.8;523.8;2611560.6;1238368.34;7.59147;47.2961
10780.1;523.7;2611550.76;1238371.66;7.59134;47.29613
10790.5;523.7;2611540.92;1238374.98;7.59121;47.29616
10806.6;523.7;2611525.03;1238377.17;7.591;47.29618
10817.1;523.8;2611514.44;1238377.15;7.59086;47.29618
10828.2;524;2611503.86;1238373.79;7.59072;47.29615
10833.7;524.1;2611498.57;1238372.67;7.59065;47.29614
10847;524.2;2611486.48;1238367.09;7.59049;47.29609
10850.2;524.2;2611484.21;1238364.86;7.59046;47.29607
10858.9;524.2;2611476.66;1238360.4;7.59036;47.29603
10951.5;524.7;2611398.84;1238310.22;7.58933;47.29558
10972.8;525.2;2611380.71;1238299.07;7.58909;47.29548
11031.6;526.9;2611327.82;1238273.39;7.58839;47.29525
11092.2;527.8;2611273.41;1238246.61;7.58767;47.29501
11107.7;528.1;2611259.05;1238241.02;7.58748;47.29496
11122.2;528.5;2611244.68;1238238.77;7.58729;47.29494
11135.1;528.9;2611231.82;1238237.64;7.58712;47.29493
11145.7;529.3;2611221.24;1238236.5;7.58698;47.29492
11156.1;529.5;2611211.41;1238233.15;7.58685;47.29489
11170.8;529.6;2611197.8;1238227.57;7.58667;47.29484
11176.6;529.7;2611192.51;1238225.33;7.5866;47.29482
11191.6;530;2611178.15;1238220.86;7.58641;47.29478
11210.4;530.4;2611162.29;1238210.82;7.5862;47.29469
11227.4;530.9;2611149.45;1238199.68;7.58603;47.29459
11264.9;531.8;2611119.23;1238177.39;7.58563;47.29439
11289.3;532.7;2611099.59;1238162.9;7.58537;47.29426
11338.1;533.7;2611058.8;1238136.14;7.58483;47.29402
11375.8;534.7;2611024.03;1238121.62;7.58437;47.29389
11441.5;536.3;2610959;1238112.61;7.58351;47.29381
11449.4;536.5;2610951.44;1238110.37;7.58341;47.29379
11457.6;536.7;2610943.88;1238107.02;7.58331;47.29376
11518.9;535.9;2610892.5;1238073.57;7.58263;47.29346
11557.7;536.3;2610861.53;1238050.17;7.58222;47.29325
11585.1;537;2610836.59;1238039.01;7.58189;47.29315
11618.4;537.8;2610805.6;1238026.72;7.58148;47.29304
11667.1;538;2610759.49;1238011.07;7.58087;47.2929
11692.9;538.4;2610735.3;1238002.13;7.58055;47.29282
11710.4;539;2610718.67;1237996.54;7.58033;47.29277
11750.9;541.4;2610682.39;1237978.69;7.57985;47.29261
11757;541.9;2610676.34;1237977.57;7.57977;47.2926
11768.8;543.1;2610665;1237974.21;7.57962;47.29257
11772.8;543.6;2610661.22;1237973.09;7.57957;47.29256
11780.9;544.1;2610654.42;1237968.63;7.57948;47.29252
11808.6;545.9;2610630.24;1237955.25;7.57916;47.2924
11828.3;547.4;2610612.1;1237947.44;7.57892;47.29233
11842.6;549.1;2610598.49;1237942.96;7.57874;47.29229
11848.4;550;2610593.2;1237940.73;7.57867;47.29227
11851.6;550.1;2610590.18;1237939.61;7.57863;47.29226
11856.6;550.3;2610586.4;1237936.27;7.57858;47.29223
11879.2;550.3;2610571.3;1237919.57;7.57838;47.29208
11949.8;548.3;2610521.47;1237869.45;7.57772;47.29163
11967.8;547.4;2610509.39;1237856.09;7.57756;47.29151
11980.9;546.7;2610501.09;1237846.07;7.57745;47.29142
11995.2;546;2610493.54;1237833.82;7.57735;47.29131
12002.6;545.9;2610490.53;1237827.15;7.57731;47.29125
12007.3;545.9;2610489.02;1237822.7;7.57729;47.29121
12051.4;548.3;2610446.69;1237810.39;7.57673;47.2911
12065.4;548.9;2610433.84;1237804.81;7.57656;47.29105
12111.5;552.9;2610399.85;1237773.62;7.57611;47.29077
12183.1;554.2;2610331.81;1237751.27;7.57521;47.29057
12215.8;553.1;2610303.09;1237735.65;7.57483;47.29043
12254.6;554;2610271.36;1237713.36;7.57441;47.29023
12271.6;553.5;2610256.24;1237705.55;7.57421;47.29016
12301.3;553.4;2610228.27;1237695.5;7.57384;47.29007
12307.1;553.9;2610222.98;1237693.27;7.57377;47.29005
12312.7;554.5;2610218.45;1237689.92;7.57371;47.29002
12319;555.4;2610213.92;1237685.47;7.57365;47.28998
12336.6;556;2610202.59;1237672.11;7.5735;47.28986
12414.5;554.7;2610145.95;1237618.65;7.57275;47.28938
12455.2;555.2;2610117.25;1237589.69;7.57237;47.28912
12496.6;554.5;2610084.77;1237564.06;7.57194;47.28889
12534.2;553.8;2610052.27;1237545.11;7.57151;47.28872
12596.8;551.2;2610000.89;1237509.45;7.57083;47.2884
12637.5;551;2609969.16;1237483.82;7.57041;47.28817
12670.9;551;2609939.68;1237468.21;7.57002;47.28803
12703.5;551.6;2609908.68;1237458.15;7.56961;47.28794
12738.9;551.5;2609876.94;1237442.53;7.56919;47.2878
12767.6;551.7;2609853.51;1237425.82;7.56888;47.28765
12813.8;552.9;2609811.94;1237405.74;7.56833;47.28747
12833.9;552.8;2609794.56;1237395.7;7.5681;47.28738
12853.3;553.4;2609778.69;1237384.56;7.56789;47.28728
12870.3;553.7;2609763.57;1237376.75;7.56769;47.28721
12887.1;554;2609747.7;1237371.16;7.56748;47.28716
12909.7;554.8;2609726.53;1237363.35;7.5672;47.28709
12933.5;556.1;2609706.88;1237349.97;7.56694;47.28697
12945.5;556.1;2609702.36;1237338.85;7.56688;47.28687
12962.3;556.6;2609686.48;1237333.26;7.56667;47.28682
12969.9;556.9;2609679.68;1237329.92;7.56658;47.28679
12994;557.8;2609657.76;1237319.88;7.56629;47.2867
13003.4;558.2;2609649.44;1237315.42;7.56618;47.28666
13018.6;558.9;2609635.84;1237308.72;7.566;47.2866
13040;559.8;2609616.94;1237298.69;7.56575;47.28651
13047.8;559.8;2609616.95;1237290.9;7.56575;47.28644
13064.3;559.5;2609607.14;1237277.55;7.56562;47.28632
13090.8;560.1;2609591.29;1237256.4;7.56541;47.28613
13113.2;560.8;2609577.7;1237238.59;7.56523;47.28597
13122.6;560.9;2609574.68;1237229.69;7.56519;47.28589
13133.8;560.9;2609573.19;1237218.57;7.56517;47.28579
13150.2;560.4;2609578.51;1237203.01;7.56524;47.28565
13176.7;559.9;2609594.43;1237181.91;7.56545;47.28546
13194.1;559.8;2609604.29;1237167.47;7.56558;47.28533
13202.7;559.7;2609609.6;1237160.81;7.56565;47.28527
13231.5;559.5;2609632.32;1237143.06;7.56595;47.28511
13236;556.6;2609629.3;1237139.72;7.56591;47.28508
13242.4;559.6;2609624.77;1237135.27;7.56585;47.28504
13327;560.2;2609558.28;1237082.9;7.56497;47.28457
13424.1;563.5;2609491.06;1237012.75;7.56408;47.28394
13446.9;565;2609474.39;1237028.29;7.56386;47.28408
13456.5;566.3;2609467.57;1237034.95;7.56377;47.28414
13472.2;568.2;2609457.71;1237047.17;7.56364;47.28425
13478;568.7;2609453.92;1237051.61;7.56359;47.28429
13484.3;569.5;2609450.89;1237057.16;7.56355;47.28434
13488.8;570.3;2609447.86;1237060.49;7.56351;47.28437
13491.4;570.5;2609445.59;1237061.6;7.56348;47.28438
13495.1;571;2609442.56;1237063.82;7.56344;47.2844
13498.1;571.8;2609439.53;1237063.81;7.5634;47.2844
13505.8;573.3;2609431.96;1237064.91;7.5633;47.28441
13508.1;573.5;2609429.69;1237064.91;7.56327;47.28441
13510.6;573.8;2609427.43;1237063.8;7.56324;47.2844
13512.5;574;2609425.92;1237062.68;7.56322;47.28439
13514.8;574.1;2609425.16;1237060.46;7.56321;47.28437
13516.7;574.4;2609423.65;1237059.34;7.56319;47.28436
13518.9;574.6;2609423.65;1237057.12;7.56319;47.28434
13530.1;575.9;2609422.92;1237046;7.56318;47.28424
13549;578;2609422.95;1237027.1;7.56318;47.28407
13561.2;579.4;2609422.96;1237014.87;7.56318;47.28396
13566.8;580.2;2609422.22;1237009.31;7.56317;47.28391
13573.5;580.6;2609421.47;1237002.64;7.56316;47.28385
13580.3;580.8;2609419.97;1236995.96;7.56314;47.28379
13591;581.6;2609416.2;1236985.95;7.56309;47.2837
13595.1;582.2;2609413.94;1236982.61;7.56306;47.28367
13597.8;582.4;2609412.43;1236980.39;7.56304;47.28365
13599.1;582.7;2609411.67;1236979.27;7.56303;47.28364
13601;582.7;2609410.16;1236978.16;7.56301;47.28363
13609.8;583.7;2609403.36;1236972.59;7.56292;47.28358
13630.4;586.4;2609385.98;1236961.45;7.56269;47.28348
13648;588.8;2609372.38;1236950.31;7.56251;47.28338
13651.8;589.6;2609369.35;1236948.08;7.56247;47.28336
13655.5;590.3;2609366.33;1236945.85;7.56243;47.28334
13658.7;591.1;2609363.31;1236944.73;7.56239;47.28333
13662;591.3;2609360.28;1236943.62;7.56235;47.28332
13664.5;591.7;2609358.01;1236944.72;7.56232;47.28333
13666.8;592.2;2609355.74;1236944.72;7.56229;47.28333
13670;592.3;2609352.71;1236945.83;7.56225;47.28334
13676.2;592.9;2609347.41;1236949.16;7.56218;47.28337
13681.3;593.3;2609342.87;1236951.37;7.56212;47.28339
13685.7;593.8;2609339.08;1236953.59;7.56207;47.28341
13690.4;594.3;2609334.54;1236954.69;7.56201;47.28342
13698.3;595.5;2609326.97;1236956.91;7.56191;47.28344
13714.9;597.7;2609310.33;1236957.99;7.56169;47.28345
13730.9;600.1;2609294.44;1236959.08;7.56148;47.28346
13733.9;600.5;2609291.41;1236959.07;7.56144;47.28346
13736.9;600.7;2609288.39;1236959.07;7.5614;47.28346
13744.1;601.4;2609281.58;1236956.84;7.56131;47.28344
13748.5;601.7;2609277.8;1236954.61;7.56126;47.28342
13754.3;602;2609274.03;1236950.15;7.56121;47.28338
13759.7;602.7;2609271.01;1236945.7;7.56117;47.28334
13768;603.6;2609267.99;1236937.91;7.56113;47.28327
13790.7;606.4;2609259.7;1236916.78;7.56102;47.28308
13798.1;607.3;2609256.69;1236910.1;7.56098;47.28302
13805.4;608.6;2609253.67;1236903.43;7.56094;47.28296
13812.1;609.2;2609249.9;1236897.86;7.56089;47.28291
13846.2;611;2609228.76;1236871.15;7.56061;47.28267
13853.9;611.1;2609223.47;1236865.58;7.56054;47.28262
13864.2;611.3;2609216.67;1236857.79;7.56045;47.28255
13871.1;611.5;2609211.38;1236853.33;7.56038;47.28251
13878.6;611.8;2609205.34;1236848.87;7.5603;47.28247
13891.1;612.5;2609194.75;1236842.19;7.56016;47.28241
13925.6;616;2609163;1236828.8;7.55974;47.28229
13942.8;618.3;2609147.12;1236822.1;7.55953;47.28223
13954.1;619.6;2609137.3;1236816.53;7.5594;47.28218
13962.4;620.5;2609129.73;1236813.18;7.5593;47.28215
13987.6;621.3;2609110.85;1236796.47;7.55905;47.282
14029.6;622.1;2609075.32;1236774.18;7.55858;47.2818
14048.9;622.5;2609057.17;1236767.49;7.55834;47.28174
14070.1;623.2;2609036.75;1236761.9;7.55807;47.28169
14078;623.7;2609029.19;1236759.66;7.55797;47.28167
14084.4;624;2609023.14;1236757.43;7.55789;47.28165
14089.5;624.3;2609018.61;1236755.2;7.55783;47.28163
14094.5;624.7;2609014.07;1236752.97;7.55777;47.28161
14103.3;625.6;2609006.51;1236748.51;7.55767;47.28157
14112.1;626.9;2608998.95;1236744.05;7.55757;47.28153
14116.7;627.6;2608994.42;1236742.93;7.55751;47.28152
14120.7;628.4;2608990.63;1236741.82;7.55746;47.28151
14127.5;629.7;2608983.82;1236741.8;7.55737;47.28151
14166.4;630.3;2608983.88;1236702.89;7.55737;47.28116
14173.1;630.4;2608984.65;1236696.22;7.55738;47.2811
14177.6;630.7;2608984.66;1236691.78;7.55738;47.28106
14184.4;631;2608986.18;1236685.11;7.5574;47.281
14190.2;631.5;2608987.7;1236679.55;7.55742;47.28095
14195.2;631.9;2608989.98;1236675.11;7.55745;47.28091
14201.2;632.7;2608992.26;1236669.55;7.55748;47.28086
14206.5;633.3;2608995.29;1236665.11;7.55752;47.28082
14210.3;633.7;2608998.32;1236662.89;7.55756;47.2808
14213.5;634.1;2609001.35;1236661.78;7.5576;47.28079
14216;634.2;2609003.62;1236660.67;7.55763;47.28078
14220;634.7;2609007.4;1236661.79;7.55768;47.28079
14229.9;635.9;2609017.23;1236662.92;7.55781;47.2808
14235.9;636.4;2609023.29;1236662.93;7.55789;47.2808
14241.2;636.8;2609028.58;1236662.94;7.55796;47.2808
14247;637.1;2609033.88;1236660.72;7.55803;47.28078
14261.7;637.8;2609047.51;1236655.18;7.55821;47.28073
14265.5;637.9;2609051.29;1236655.19;7.55826;47.28073
14269.3;638;2609055.07;1236655.19;7.55831;47.28073
14274.7;638.1;2609060.37;1236656.31;7.55838;47.28074
14283.6;638.1;2609068.69;1236659.66;7.55849;47.28077
14288.9;638.1;2609073.98;1236659.67;7.55856;47.28077
14295;638.3;2609080.03;1236659.68;7.55864;47.28077
14301.1;638.5;2609086.09;1236658.58;7.55872;47.28076
14306.2;638.6;2609090.63;1236656.36;7.55878;47.28074
14311.2;639;2609094.42;1236653.03;7.55883;47.28071
14315.3;639.3;2609096.69;1236649.7;7.55886;47.28068
14318.7;639.5;2609097.46;1236646.36;7.55887;47.28065
14324.3;640.1;2609096.71;1236640.8;7.55886;47.2806
14328.3;640.6;2609094.44;1236637.46;7.55883;47.28057
14332.7;641.1;2609090.66;1236635.23;7.55878;47.28055
14339;642.3;2609085.37;1236631.89;7.55871;47.28052
14346.1;643.2;2609078.57;1236629.66;7.55862;47.2805
14351.6;643.8;2609073.27;1236628.54;7.55855;47.28049
14362.9;645;2609061.92;1236628.52;7.5584;47.28049
14372;645.5;2609052.84;1236628.51;7.55828;47.28049
14377.4;645.9;2609047.55;1236627.39;7.55821;47.28048
14383.1;646.1;2609042.26;1236625.15;7.55814;47.28046
14388.8;646.5;2609037.72;1236621.81;7.55808;47.28043
14395.1;646.7;2609034.7;1236616.25;7.55804;47.28038
14408.6;646.8;2609027.16;1236605.12;7.55794;47.28028
14417.2;647.1;2609023.38;1236597.33;7.55789;47.28021
14422.6;647.4;2609020.36;1236592.88;7.55785;47.28017
14426.3;647.6;2609017.34;1236590.65;7.55781;47.28015
14430.9;647.7;2609012.8;1236590.64;7.55775;47.28015
14434.7;648;2609009.02;1236590.64;7.5577;47.28015
14439.7;648.3;2609004.48;1236592.86;7.55764;47.28017
14451.6;649.4;2608994.63;1236599.51;7.55751;47.28023
14464.8;650.6;2608983.27;1236606.17;7.55736;47.28029
14474.4;651.1;2608974.19;1236609.49;7.55724;47.28032
14479.8;651.5;2608968.89;1236610.59;7.55717;47.28033
14486.7;652;2608962.08;1236610.58;7.55708;47.28033
14496.6;652.9;2608952.25;1236609.45;7.55695;47.28032
14509.1;654;2608940.15;1236606.1;7.55679;47.28029
14530.7;655.8;2608920.49;1236597.18;7.55653;47.28021
14548.8;656.8;2608905.37;1236587.15;7.55633;47.28012
14566.4;657.6;2608890.25;1236578.23;7.55613;47.28004
14572.8;658;2608884.2;1236576;7.55605;47.28002
14579;658.1;2608878.15;1236574.88;7.55597;47.28001
14586.6;658.4;2608870.59;1236574.87;7.55587;47.28001
14592;658.7;2608865.29;1236575.97;7.5558;47.28002
14597;658.9;2608860.75;1236578.19;7.55574;47.28004
14603.8;659.1;2608856.95;1236583.74;7.55569;47.28009
14611.4;659.6;2608853.16;1236590.41;7.55564;47.28015
14619.8;660;2608850.12;1236598.18;7.5556;47.28022
14644.1;660.9;2608843.28;1236621.52;7.55551;47.28043
14649.1;661;2608841;1236625.97;7.55548;47.28047
14653.6;661;2608837.97;1236629.3;7.55544;47.2805
14659.2;660.9;2608833.43;1236632.63;7.55538;47.28053
14676.5;660.4;2608817.53;1236639.27;7.55517;47.28059
14709.5;659.2;2608787.25;1236652.57;7.55477;47.28071
14717.8;659;2608779.68;1236655.89;7.55467;47.28074
14727.2;660.1;2608774.39;1236648.1;7.5546;47.28067
14736.6;661.9;2608771.38;1236639.2;7.55456;47.28059
14755.7;664.3;2608768.38;1236620.3;7.55452;47.28042
14767.3;665;2608765.37;1236609.18;7.55448;47.28032
14773.6;665.4;2608762.35;1236603.61;7.55444;47.28027
14779;666;2608759.33;1236599.16;7.5544;47.28023
14784.8;666.7;2608755.55;1236594.71;7.55435;47.28019
14791.7;667.8;2608749.51;1236591.37;7.55427;47.28016
14819.9;671.6;2608725.32;1236576.88;7.55395;47.28003
14843.2;675.3;2608704.9;1236565.73;7.55368;47.27993
14857.2;677.3;2608691.29;1236562.37;7.5535;47.2799
14875.4;679.6;2608673.13;1236562.35;7.55326;47.2799
14896.7;680.6;2608651.94;1236564.54;7.55298;47.27992
14972.2;684.1;2608578.53;1236582.22;7.55201;47.28008
14991.2;684.6;2608560.36;1236587.76;7.55177;47.28013
14998.7;684.7;2608554.3;1236592.2;7.55169;47.28017
15009.1;684.9;2608544.46;1236595.52;7.55156;47.2802
15016.9;685.1;2608536.89;1236597.73;7.55146;47.28022
15026;685.3;2608527.82;1236597.72;7.55134;47.28022
15039.8;685.3;2608514.2;1236595.47;7.55116;47.2802
15068.5;685.7;2608486.98;1236586.54;7.5508;47.28012
15086.2;686.6;2608471.1;1236578.74;7.55059;47.28005
15091.8;687;2608466.56;1236575.39;7.55053;47.28002
15125.6;690.6;2608439.35;1236555.34;7.55017;47.27984
15137.5;692.6;2608429.53;1236548.66;7.55004;47.27978
15148.3;694.5;2608418.94;1236546.42;7.5499;47.27976
15158.1;696.6;2608409.1;1236546.41;7.54977;47.27976
15166.8;698.3;2608400.78;1236548.62;7.54966;47.27978
15182.2;701.8;2608386.39;1236554.16;7.54947;47.27983
15188.3;702.6;2608380.34;1236555.26;7.54939;47.27984
15194.4;703.8;2608374.29;1236555.25;7.54931;47.27984
15205.5;705.7;2608363.7;1236551.9;7.54917;47.27981
15220.7;707.8;2608350.09;1236545.21;7.54899;47.27975
15233.4;710.1;2608341.02;1236536.3;7.54887;47.27967
15250.4;713.3;2608330.45;1236522.95;7.54873;47.27955
15257.3;714.5;2608325.16;1236518.49;7.54866;47.27951
15264.2;714.9;2608319.11;1236515.15;7.54858;47.27948
15311.1;714.4;2608274.49;1236500.63;7.54799;47.27935
15319;713.7;2608266.93;1236498.4;7.54789;47.27933
15325.2;712.9;2608260.88;1236497.28;7.54781;47.27932
15351.7;710.2;2608234.4;1236496.13;7.54746;47.27931
15364;707.8;2608222.29;1236493.89;7.5473;47.27929
15376.9;705.9;2608210.19;1236489.43;7.54714;47.27925
15385.7;704.5;2608202.63;1236484.97;7.54704;47.27921
15406.3;702.6;2608185.25;1236473.83;7.54681;47.27911
15416.4;702.1;2608176.17;1236469.37;7.54669;47.27907
15430.5;701;2608162.56;1236466.02;7.54651;47.27904
15440.4;700.4;2608152.73;1236464.89;7.54638;47.27903
15452.3;700.8;2608142.14;1236459.32;7.54624;47.27898
15481.9;702.3;2608119.47;1236440.39;7.54594;47.27881
15505.7;703.7;2608100.57;1236425.91;7.54569;47.27868
15526.3;705.3;2608083.19;1236414.77;7.54546;47.27858
15539.9;706.3;2608070.33;1236410.3;7.54529;47.27854
15557.4;707.9;2608052.93;1236409.17;7.54506;47.27853
15566.5;709.2;2608043.85;1236410.27;7.54494;47.27854
15591.7;711.6;2608018.87;1236413.57;7.54461;47.27857
15610.6;713.8;2607999.96;1236413.54;7.54436;47.27857
15623.5;714.4;2607987.1;1236412.41;7.54419;47.27856
15644.7;715.2;2607966.68;1236406.83;7.54392;47.27851
15658.7;716.8;2607953.82;1236401.25;7.54375;47.27846
15675.1;718.8;2607941.73;1236390.12;7.54359;47.27836
15686.8;720.2;2607934.18;1236381.21;7.54349;47.27828
15710.2;720.9;2607922.1;1236361.18;7.54333;47.2781
15756.8;722.8;2607894.91;1236323.35;7.54297;47.27776
15763.7;722.8;2607900.97;1236320.02;7.54305;47.27773
15779.4;723.8;2607914.6;1236312.26;7.54323;47.27766
15835;729.7;2607964.57;1236287.86;7.54389;47.27744
15851.6;729.5;2607981.21;1236287.88;7.54411;47.27744
15854.7;729.4;2607984.24;1236287.89;7.54415;47.27744
15857.9;729.3;2607987.27;1236286.78;7.54419;47.27743
15861.1;729.3;2607990.29;1236285.67;7.54423;47.27742
15864.3;729.2;2607992.57;1236283.45;7.54426;47.2774
15866.8;729.2;2607994.84;1236282.34;7.54429;47.27739
15870;729.4;2607997.11;1236280.12;7.54432;47.27737
15872.7;729.4;2607998.63;1236277.9;7.54434;47.27735
15909;729.3;2608015.32;1236245.68;7.54456;47.27706
15931.6;731.2;2607995.66;1236234.54;7.5443;47.27696
15934.6;731.3;2607992.63;1236234.53;7.54426;47.27696
15936.9;731.6;2607990.36;1236234.53;7.54423;47.27696
15939.9;731.8;2607987.34;1236234.53;7.54419;47.27696
15951.8;733.2;2607977.49;1236241.18;7.54406;47.27702
15954.1;733.3;2607975.22;1236241.18;7.54403;47.27702
15964.4;734.4;2607965.38;1236244.5;7.5439;47.27705
15971.5;735.3;2607963.12;1236237.83;7.54387;47.27699
15978.2;735.8;2607959.34;1236232.27;7.54382;47.27694
15985.7;736.3;2607953.3;1236227.81;7.54374;47.2769
15994.7;736.5;2607944.98;1236224.46;7.54363;47.27687
16002.6;736.7;2607937.41;1236222.23;7.54353;47.27685
16008.7;736.9;2607931.36;1236221.11;7.54345;47.27684
16017.4;736.8;2607927.59;1236213.32;7.5434;47.27677
16025.7;736.8;2607924.57;1236205.54;7.54336;47.2767
16028.1;736.7;2607923.82;1236203.31;7.54335;47.27668
16030.3;736.7;2607923.82;1236201.09;7.54335;47.27666
16033.6;736.8;2607923.83;1236197.75;7.54335;47.27663
16041.5;737;2607924.59;1236189.97;7.54336;47.27656
16069.9;739.6;2607930.68;1236162.19;7.54344;47.27631
16076.6;740.7;2607930.69;1236155.51;7.54344;47.27625
16083.2;741.5;2607930.7;1236148.84;7.54344;47.27619
16091.6;743;2607927.68;1236141.06;7.5434;47.27612
16133.4;749;2607905.79;1236105.45;7.54311;47.2758
16146.4;750.5;2607898.99;1236094.32;7.54302;47.2757
16151.1;751.3;2607897.49;1236089.88;7.543;47.27566
16158;751.8;2607895.98;1236083.2;7.54298;47.2756
16163.6;752.4;2607896.75;1236077.64;7.54299;47.27555
16173.7;753.5;2607898.27;1236067.64;7.54301;47.27546
16187.1;755.2;2607899.8;1236054.3;7.54303;47.27534
16191.6;756.3;2607899.81;1236049.85;7.54303;47.2753
16195;756.7;2607899.06;1236046.52;7.54302;47.27527
16199.7;757.6;2607897.55;1236042.07;7.543;47.27523
16203.4;758.4;2607894.53;1236039.84;7.54296;47.27521
16226;761.9;2607875.63;1236027.59;7.54271;47.2751
16232.9;762.9;2607869.58;1236024.24;7.54263;47.27507
16245.1;764.5;2607858.23;1236019.78;7.54248;47.27503
16263.7;766.7;2607840.84;1236013.09;7.54225;47.27497
16279.2;768.6;2607825.71;1236009.73;7.54205;47.27494
16288.9;769.3;2607816.63;1236006.38;7.54193;47.27491
16311.5;770;2607796.97;1235995.24;7.54167;47.27481
16321.9;771.2;2607787.14;1235991.89;7.54154;47.27478
16330.5;772;2607778.82;1235989.66;7.54143;47.27476
16342;773.3;2607767.47;1235987.42;7.54128;47.27474
16353.5;774.4;2607756.13;1235986.29;7.54113;47.27473
16361.3;775.3;2607748.56;1235984.06;7.54103;47.27471
16371.5;775.9;2607739.49;1235979.6;7.54091;47.27467
16379;776;2607733.44;1235975.15;7.54083;47.27463
16391.1;776.3;2607725.13;1235966.24;7.54072;47.27455
16416.7;776.2;2607709.26;1235946.21;7.54051;47.27437
16436.9;777.7;2607697.93;1235929.52;7.54036;47.27422
16443.6;778.4;2607694.16;1235923.95;7.54031;47.27417
16449.4;779.2;2607690.38;1235919.5;7.54026;47.27413
16455.7;779.9;2607685.09;1235916.16;7.54019;47.2741
16467.7;782;2607674.5;1235910.59;7.54005;47.27405
16479;783.7;2607664.67;1235905.02;7.53992;47.274
16539.7;791;2607616.29;1235868.26;7.53928;47.27367
16564.8;793.3;2607596.64;1235852.67;7.53902;47.27353
16592.6;794.9;2607576.23;1235833.75;7.53875;47.27336
16618.3;795.3;2607558.85;1235814.83;7.53852;47.27319
16630;795.2;2607551.3;1235805.92;7.53842;47.27311
16639.4;795.3;2607546.01;1235798.13;7.53835;47.27304
16650.1;795.5;2607542.24;1235788.12;7.5383;47.27295
16659;796;2607541.49;1235779.23;7.53829;47.27287
16669.2;796.7;2607543.02;1235769.22;7.53831;47.27278
16678.3;796.7;2607545.3;1235760.33;7.53834;47.2727
16691;796.6;2607551.37;1235749.22;7.53842;47.2726
16704;796.6;2607555.92;1235737;7.53848;47.27249
16713;796.6;2607556.69;1235728.1;7.53849;47.27241
16724.1;796.7;2607555.95;1235716.99;7.53848;47.27231
16730.1;797.1;2607553.68;1235711.42;7.53845;47.27226
16739.5;796.7;2607546.12;1235705.85;7.53835;47.27221
16762;800;2607527.22;1235693.6;7.5381;47.2721
16786.4;803.5;2607504.53;1235684.68;7.5378;47.27202
16794;804.7;2607497.73;1235681.33;7.53771;47.27199
16803.5;805.8;2607490.92;1235674.66;7.53762;47.27193
16811.2;807.1;2607485.63;1235669.09;7.53755;47.27188
16831;810.3;2607475.06;1235652.4;7.53741;47.27173
16836.6;811.1;2607470.52;1235649.06;7.53735;47.2717
16841;811.7;2607466.74;1235646.83;7.5373;47.27168
16847.9;812.5;2607459.93;1235645.71;7.53721;47.27167
16918.6;816;2607389.57;1235638.95;7.53628;47.27161
16943;818;2607365.36;1235635.59;7.53596;47.27158
16947.7;818.4;2607360.82;1235634.47;7.5359;47.27157
16957.6;819.2;2607350.98;1235633.35;7.53577;47.27156
16967.4;820.2;2607341.15;1235633.33;7.53564;47.27156
16984.2;821.6;2607324.5;1235635.54;7.53542;47.27158
17000.9;822.3;2607307.85;1235635.52;7.5352;47.27158
17010;823.1;2607298.77;1235634.39;7.53508;47.27157
17017.7;823.8;2607291.2;1235633.27;7.53498;47.27156
17030.7;824.3;2607278.34;1235631.03;7.53481;47.27154
17050.7;824.5;2607258.67;1235627.67;7.53455;47.27151
17104.6;829.8;2607205.71;1235617.6;7.53385;47.27142
17151.9;826.1;2607161.08;1235601.99;7.53326;47.27128
17183.8;823.7;2607130.83;1235591.94;7.53286;47.27119
17237.1;818.5;2607080.15;1235575.21;7.53219;47.27104
17286.8;816.1;2607030.97;1235568.48;7.53154;47.27098
17334;811.6;2606984.04;1235573.98;7.53092;47.27103
17347.8;810.6;2606970.43;1235571.74;7.53074;47.27101
17362.2;810.4;2606958.33;1235563.95;7.53058;47.27094
17374.2;810.1;2606947.74;1235558.38;7.53044;47.27089
17381.1;809.7;2606942.45;1235553.92;7.53037;47.27085
17389.3;809.3;2606936.4;1235548.36;7.53029;47.2708
17394.7;808.9;2606933.38;1235543.91;7.53025;47.27076
17398.7;808.6;2606931.11;1235540.57;7.53022;47.27073
17401.9;808.4;2606928.09;1235539.45;7.53018;47.27072
17405.9;807.4;2606924.3;1235538.34;7.53013;47.27071
17417.2;805.5;2606912.95;1235538.32;7.52998;47.27071
17430.5;803.8;2606900.09;1235534.97;7.52981;47.27068
17437.4;803.1;2606894.04;1235531.63;7.52973;47.27065
17446.8;802.3;2606886.48;1235526.06;7.52963;47.2706
17451.9;800.6;2606881.94;1235523.83;7.52957;47.27058
17453.2;800.6;2606881.19;1235522.72;7.52956;47.27057
17455.1;800.3;2606879.68;1235521.61;7.52954;47.27056
17457.4;799.6;2606877.41;1235521.61;7.52951;47.27056
17461.2;798.7;2606873.62;1235521.6;7.52946;47.27056
17465.7;798.4;2606869.08;1235521.6;7.5294;47.27056
17468.9;797.6;2606866.05;1235522.7;7.52936;47.27057
17470.4;797.5;2606864.54;1235522.7;7.52934;47.27057
17471.8;797.8;2606863.78;1235523.81;7.52933;47.27058
17473.3;797.8;2606862.27;1235523.81;7.52931;47.27058
17474.4;797.7;2606862.27;1235524.92;7.52931;47.27059
17475.2;798;2606861.51;1235524.92;7.5293;47.27059
17476.3;798.2;2606861.51;1235526.03;7.5293;47.2706
17477.4;798.2;2606861.51;1235527.15;7.5293;47.27061
17481.9;798.2;2606862.26;1235531.59;7.52931;47.27065
17486.4;799.1;2606861.5;1235536.04;7.5293;47.27069
17502.1;797.8;2606855.43;1235550.49;7.52922;47.27082
17528.2;795.1;2606846.32;1235574.94;7.5291;47.27104
17545.9;796;2606840.25;1235591.61;7.52902;47.27119
17549.6;796.3;2606838.73;1235594.94;7.529;47.27122
17552.3;796.5;2606837.21;1235597.16;7.52898;47.27124
17557.3;797.2;2606833.43;1235600.49;7.52893;47.27127
17588.6;801.8;2606807.68;1235618.25;7.52859;47.27143
17593;802.4;2606803.89;1235620.47;7.52854;47.27145
17597.4;802.9;2606800.11;1235622.69;7.52849;47.27147
17611.3;805.8;2606791.77;1235633.8;7.52838;47.27157
17620.3;807.6;2606785.71;1235640.46;7.5283;47.27163
17622.8;807.9;2606783.44;1235641.57;7.52827;47.27164
17626;808.5;2606780.41;1235642.68;7.52823;47.27165
17629.2;809.4;2606777.38;1235643.79;7.52819;47.27166
17632.5;809.9;2606774.35;1235644.9;7.52815;47.27167
17634.7;810.3;2606772.08;1235644.89;7.52812;47.27167
17637;810.9;2606769.81;1235644.89;7.52809;47.27167
17639.3;811.1;2606767.54;1235644.89;7.52806;47.27167
17644.3;811.4;2606763;1235642.66;7.528;47.27165
17659;812;2606749.39;1235637.09;7.52782;47.2716
17664.1;812.1;2606744.85;1235634.86;7.52776;47.27158
17675.2;812.4;2606734.26;1235631.51;7.52762;47.27155
17681.4;812.4;2606728.21;1235630.39;7.52754;47.27154
17694.3;812.7;2606716.11;1235625.93;7.52738;47.2715
17706.4;811.9;2606704.76;1235621.47;7.52723;47.27146
17719;811;2606694.17;1235614.79;7.52709;47.2714
17726.5;810.7;2606687.37;1235611.45;7.527;47.27137
17737.2;810.3;2606678.29;1235605.88;7.52688;47.27132
17744.7;810.1;2606672.24;1235601.42;7.5268;47.27128
17749.8;810;2606667.71;1235599.19;7.52674;47.27126
17756.9;809.9;2606660.9;1235596.96;7.52665;47.27124
17763.4;809.7;2606654.85;1235594.73;7.52657;47.27122
17768.1;809.7;2606650.31;1235593.62;7.52651;47.27121
17782.1;809.1;2606636.69;1235590.26;7.52633;47.27118
17797.8;809.5;2606621.56;1235585.8;7.52613;47.27114
17808.2;810.5;2606611.73;1235582.45;7.526;47.27111
17812.2;810.9;2606607.95;1235581.34;7.52595;47.2711
17815.9;811.1;2606604.92;1235579.11;7.52591;47.27108
17820.4;811.4;2606601.9;1235575.77;7.52587;47.27105
17828.7;811.5;2606595.85;1235570.21;7.52579;47.271
17833.2;811.8;2606592.83;1235566.87;7.52575;47.27097
17836.9;811.9;2606589.8;1235564.64;7.52571;47.27095
17845.1;812.4;2606583;1235560.19;7.52562;47.27091
17850.7;812.8;2606578.46;1235556.85;7.52556;47.27088
17857.6;813;2606573.17;1235552.39;7.52549;47.27084
17869;813.7;2606564.85;1235544.6;7.52538;47.27077
17891.5;813.9;2606549.74;1235527.91;7.52518;47.27062
17925.4;818;2606579.23;1235544.62;7.52557;47.27077
17930.1;818.4;2606583.77;1235545.73;7.52563;47.27078
17933.3;818.9;2606586.79;1235546.85;7.52567;47.27079
17936.3;819.2;2606589.82;1235546.85;7.52571;47.27079
17937.9;819.4;2606591.34;1235546.86;7.52573;47.27079
17940.4;819.6;2606593.61;1235545.75;7.52576;47.27078
17942.3;820;2606595.12;1235544.64;7.52578;47.27077
17944.8;820.2;2606597.39;1235543.53;7.52581;47.27076
17946.1;820.4;2606598.15;1235542.42;7.52582;47.27075
17948.5;820.6;2606598.91;1235540.19;7.52583;47.27073
17950.8;820.9;2606599.67;1235537.97;7.52584;47.27071
17953.1;821.1;2606599.67;1235535.75;7.52584;47.27069
17955.4;821.3;2606598.92;1235533.52;7.52583;47.27067
17958.8;821.5;2606598.16;1235530.19;7.52582;47.27064
17962.9;821.8;2606595.9;1235526.85;7.52579;47.27061
17966;821.9;2606593.63;1235524.62;7.52576;47.27059
17971.1;822.3;2606589.85;1235521.28;7.52571;47.27056
17981.1;822.8;2606581.53;1235515.71;7.5256;47.27051
17999.2;824.1;2606566.41;1235505.69;7.5254;47.27042
18032.5;827;2606537.67;1235488.98;7.52502;47.27027
18088.8;833.3;2606492.3;1235455.58;7.52442;47.26997
18099.6;834.5;2606482.47;1235451.12;7.52429;47.26993
18107.5;835.6;2606474.9;1235448.89;7.52419;47.26991
18138.8;839.2;2606443.88;1235444.41;7.52378;47.26987
18155.6;840.1;2606427.24;1235442.17;7.52356;47.26985
18175.4;841.2;2606408.32;1235436.59;7.52331;47.2698
18186.9;841.8;2606396.98;1235434.35;7.52316;47.26978
18194.5;842.2;2606390.17;1235431.01;7.52307;47.26975
18202.1;842.9;2606383.36;1235427.67;7.52298;47.26972
18219.6;844.3;2606368.99;1235417.65;7.52279;47.26963
18243.4;846.6;2606350.09;1235403.17;7.52254;47.2695
18264.1;849;2606331.94;1235393.15;7.5223;47.26941
18281.7;850.8;2606316.81;1235384.24;7.5221;47.26933
18300.8;853.2;2606299.42;1235376.44;7.52187;47.26926
18329.1;857;2606272.18;1235368.63;7.52151;47.26919
18349.5;859.7;2606252.51;1235363.05;7.52125;47.26914
18361;861.3;2606241.92;1235358.59;7.52111;47.2691
18376.1;863;2606229.07;1235350.79;7.52094;47.26903
18390.5;864.5;2606216.97;1235343;7.52078;47.26896
18457.4;872.6;2606161.76;1235305.14;7.52005;47.26862
18518.8;879.3;2606112.61;1235268.4;7.5194;47.26829
18575.1;886.4;2606065.72;1235237.22;7.51878;47.26801
18583.3;887.3;2606058.16;1235233.88;7.51868;47.26798
18592.7;888.5;2606049.08;1235231.65;7.51856;47.26796
18603.4;889.6;2606038.49;1235230.53;7.51842;47.26795
18609.1;890.3;2606033.19;1235228.3;7.51835;47.26793
18614.7;890.8;2606028.65;1235224.96;7.51829;47.2679
18631.9;892.8;2606016.56;1235212.72;7.51813;47.26779
18638.9;893.5;2606011.26;1235208.26;7.51806;47.26775
18647.6;894.5;2606003.7;1235203.81;7.51796;47.26771
18658.5;895.2;2605993.11;1235201.57;7.51782;47.26769
18700.3;897.6;2605952.25;1235192.64;7.51728;47.26761
18712.1;897.9;2605940.9;1235189.29;7.51713;47.26758
18724.1;898.2;2605930.31;1235183.72;7.51699;47.26753
18740.4;898.6;2605917.46;1235173.7;7.51682;47.26744
18766.2;899.7;2605897.8;1235157.01;7.51656;47.26729
18780.6;900.2;2605886.46;1235148.1;7.51641;47.26721
18795.8;901.1;2605872.84;1235141.42;7.51623;47.26715
18807.9;902;2605861.49;1235136.96;7.51608;47.26711
18864.6;906.7;2605807.02;1235121.34;7.51536;47.26697
18883.3;908.4;2605789.62;1235114.66;7.51513;47.26691
18944.3;914.2;2605735.92;1235085.7;7.51442;47.26665
19004.6;920.3;2605682.97;1235056.74;7.51372;47.26639
19018.4;921.7;2605671.63;1235048.95;7.51357;47.26632
19072;927.4;2605623.97;1235024.44;7.51294;47.2661
19087.7;928.7;2605610.36;1235016.65;7.51276;47.26603
19107.1;929.6;2605593.72;1235006.63;7.51254;47.26594
19142.8;930.6;2605562.7;1234988.81;7.51213;47.26578
19151.6;930.8;2605555.14;1234984.35;7.51203;47.26574
19159.9;931;2605547.57;1234981.01;7.51193;47.26571
19170;931.1;2605538.5;1234976.56;7.51181;47.26567
19175.8;931.2;2605533.2;1234974.33;7.51174;47.26565
19180.7;931.4;2605530.94;1234969.88;7.51171;47.26561
19183.1;931.5;2605530.18;1234967.65;7.5117;47.26559
19186.5;931.6;2605530.94;1234964.32;7.51171;47.26556
19189.2;931.8;2605532.46;1234962.1;7.51173;47.26554
19191.7;932.1;2605534.73;1234960.99;7.51176;47.26553
19196.3;932.4;2605539.27;1234960.99;7.51182;47.26553
19200.2;932.9;2605543.05;1234962.11;7.51187;47.26554
19206.5;933.5;2605548.35;1234965.45;7.51194;47.26557
19211.5;933.9;2605552.88;1234967.68;7.512;47.26559
19217.7;934.6;2605558.94;1234968.79;7.51208;47.2656
19224.6;935.3;2605565.75;1234969.91;7.51217;47.26561
19258.1;938.8;2605599.05;1234966.61;7.51261;47.26558
19282.3;941.6;2605623.27;1234965.52;7.51293;47.26557
19301.2;944;2605642.19;1234965.54;7.51318;47.26557
19334.5;947.9;2605675.49;1234966.68;7.51362;47.26558
19367.3;951.1;2605708.03;1234970.04;7.51405;47.26561
19438.4;956.2;2605777.64;1234984.56;7.51497;47.26574
19472.6;959;2605811.69;1234987.93;7.51542;47.26577
19477.1;959.1;2605810.94;1234983.48;7.51541;47.26573
19498.6;960.2;2605790.51;1234976.79;7.51514;47.26567
19514.3;960.9;2605776.9;1234969;7.51496;47.2656
19538.1;961.3;2605757.99;1234954.53;7.51471;47.26547
19557;961.9;2605741.35;1234945.62;7.51449;47.26539
19567.6;962.2;2605732.27;1234940.05;7.51437;47.26534
19580.8;962.8;2605721.68;1234932.26;7.51423;47.26527
19589.5;963.2;2605714.88;1234926.69;7.51414;47.26522
19596.7;963.5;2605710.34;1234921.13;7.51408;47.26517
19603;963.8;2605705.05;1234917.79;7.51401;47.26514
19620.5;964.8;2605689.92;1234908.88;7.51381;47.26506
19739.6;972.3;2605595.39;1234836.52;7.51256;47.26441
19753.6;973.1;2605582.53;1234830.95;7.51239;47.26436
19768.7;974.2;2605568.15;1234826.49;7.5122;47.26432
19853.4;979.5;2605494.78;1234784.18;7.51123;47.26394
19947.9;983.8;2605415.36;1234732.96;7.51018;47.26348
20036.8;989.7;2605344.26;1234679.53;7.50924;47.263
20085.6;992.7;2605304.93;1234650.59;7.50872;47.26274
20142.3;996.5;2605267.13;1234608.31;7.50822;47.26236
20207.5;999.7;2605214.94;1234569.35;7.50753;47.26201
20318.3;1006.6;2605130.99;1234497.02;7.50642;47.26136
20403.5;1009.7;2605063.67;1234444.71;7.50553;47.26089
20439.6;1008.7;2605031.14;1234429.11;7.5051;47.26075
20462.2;1009.7;2605013.75;1234414.65;7.50487;47.26062
20534.9;997.8;2604941.08;1234416.81;7.50391;47.26064
20579;987.6;2604899.45;1234431.23;7.50336;47.26077
20611;981.1;2604868.41;1234438.99;7.50295;47.26084
20750;975.1;2604736.75;1234394.41;7.50121;47.26044
20832.1;975.8;2604663.36;1234357.66;7.50024;47.26011
